chunk,rule_number,section,article,text
2,Rule 2 — Officials,Section 1: Designation of Officials,Article 1 – Field Officials,"7 officials    6 officials   5 officials   4 officials   3 officials
R             R             R             R             R
U                 U             U             U             U
FJ               BU            BU
BJ                 BJ
DJ                DJ            DJ            DJ            DJ
LJ                LJ            LJ            LJ
SJ
Field officials will be designated as follows, for various sizes of crews:
Referee (R), Umpire (U), Back Umpire (BU), Back Judge (BJ), Down Judge (DJ), Line Judge (LJ) and Side
Judge (SJ)
Note: The number of officials per game may be from 1 to 7, as specified by the governing authority."
2,Rule 2 — Officials,Section 1: Designation of Officials,Article 2 – Side Line Officials,"i) Downbox Official
ii) Yardstick Official (2 or 3)
iii) Timekeeper
iv) Scorer"
2,Rule 2 — Officials,Section 1: Designation of Officials,Article 3,"The number of officials per game shall be in accordance with the recommendations of the local,
provincial, or national officials’ associations. Responsibilities, positioning, and mechanics are covered in
the CFOA/Football Canada Officials’ Training Manual."
3,Rule 2 — Officials,Section 2: Jurisdiction and Duties,Article 1 – Responsibility,"All field officials are equally responsible for the orderly conduct of the game, and the enforcement of
the rules. No agreement shall be made that would prevent the calling of any foul by any official against
either team.
All field officials, upon recognizing any player who shows signs, symptoms, or behaviors consistent with
a concussion (such as loss of consciousness, headache, dizziness, confusion or balance problems) shall
report their concerns through the Referee to the head coach or appropriate health-care professional."
3,Rule 2 — Officials,Section 2: Jurisdiction and Duties,Article 2 – Equipment,Each field official shall be equipped with a whistle and a «red» coloured marker.
3,Rule 2 — Officials,Section 2: Jurisdiction and Duties,Article 3 – Stoppage of Play,"The sounding of a whistle when the ball is in play shall cause the ball to be ruled dead, and shall stop
the game. The whistle should not be sounded in the event of injury until the ball is dead."
3,Rule 2 — Officials,Section 2: Jurisdiction and Duties,Article 4 – Signal for Infraction,"The throwing of the marker shall indicate an infraction, but play shall continue until the sounding of a
whistle."
3,Rule 2 — Officials,Section 2: Jurisdiction and Duties,Article 5 – Signal to Play,"The Referee shall sound the whistle to indicate that the ball is ready for play, and shall signal that «time
is in» by a downward sweep of the arm from the overhead position."
3,Rule 2 — Officials,Section 2: Jurisdiction and Duties,Article 6 – Out-of-Bounds Marking,The nearest official should mark the out-of-bounds spot when the ball goes out of bounds.
3,Rule 2 — Officials,Section 2: Jurisdiction and Duties,Article 7 – Penalty Signals,All officials should be familiar with the approved signals.
3,Rule 2 — Officials,Section 2: Jurisdiction and Duties,Article 8 – Foul Called,"When a foul is called, the official shall report it to the Referee immediately if the ball is dead, or if the ball
is alive, as soon as it is dead. The Referee shall give a preliminary signal to indicate the nature of the foul."
3,Rule 2 — Officials,Section 2: Jurisdiction and Duties,Article 9 – Foul Reporting,"When a foul has been reported to the Referee, the Referee will indicate the number of the player who
committed the foul, give the penalty signal, assess the penalty, and signal that the ball is again ready for play."
3,Rule 2 — Officials,Section 2: Jurisdiction and Duties,Article 10 – Forward Progress,"When the ball has been whistled dead, the appropriate official shall mark the spot of forward progress
of the ball, which will be the point of the subsequent play."
4,Rule 2 — Officials,Section 3: Referee (R),Article 1 – Responsibility,"The Referee shall take primary charge of the game, and shall guide and direct the work of the other
officials.
The Referee shall apply the rules, and assess the penalties, and rule upon disputes or situations not
covered by the rules. The Referee’s decision on any situation in the game is final.
The Referee may overrule any other official.
The Referee may have removed any of the sideline officials, if the Referee considers it necessary, and
immediately require the replacement of any official so removed.
The Referee shall test the game balls 30 minutes before the game, and the Referee’s decision shall be
final as to the suitability of the balls."
4,Rule 2 — Officials,Section 3: Referee (R),Article 2 – Field Markings,"The Referee shall report any irregularities in field markings, or ground rules, to the captains before the
game, and review these with the other officials before the game."
4,Rule 2 — Officials,Section 3: Referee (R),Article 3 – Options,"The Referee shall explain to the captains of either team any ruling made or penalty assessed. When a
foul is called, the Referee shall explain to the non-offending captain the application of the penalty, or
any option to which the captain is entitled if they refuse the penalty."
4,Rule 2 — Officials,Section 3: Referee (R),Article 4 – Count of Downs,"The Referee shall keep count of the downs, subject to a check with the Down Judge."
4,Rule 2 — Officials,Section 3: Referee (R),Article 5 – Communication,"The Referee shall be the sole means of communication between the officials and the team captains or
coaches."
4,Rule 2 — Officials,Section 3: Referee (R),Article 6 – 3-Minute Warnings,"The Referee shall be notified by the Down Judge or Line Judge, when 3 minutes of play remains in each
half. The Referee shall notify the captains, and the nearest official shall notify the coaches of each team."
4,Rule 2 — Officials,Section 3: Referee (R),Article 7 – End of Period,"The Referee shall indicate that playing time has ended in each period, by sounding the whistle and
signaling to the Timer."
4,Rule 2 — Officials,Section 3: Referee (R),Article 8 – End of Half Time Interval,The Referee shall have the captains of each team warned when 3 minutes remains in the half time interval.
4,Rule 2 — Officials,Section 3: Referee (R),Article 9 – Positioning,"The Referee shall take primary charge of Team A, and shall take a position behind Team A. The Referee is
responsible to determine if the ball is put into play legally, cover the action of the passer and the kicker
and their opponents.
The Referee shall be responsible for marking the out-of-bounds spot when a ball goes out of bounds in
flight.
The Referee shall rule on lateral passes behind the line of scrimmage, and the position of onside players
in an «onside kick» situation."
5,Rule 2 — Officials,Section 4: Umpire (U),Article 1 – Responsibility,"The Umpire shall have primary jurisdiction over the actions of players of both teams on the line of scrimmage, and shall take a position behind the defensive line of Team B."
5,Rule 2 — Officials,Section 4: Umpire (U),Article 2 – Duties,The Umpire shall: a) Supervise the line backers and their use of hands on eligible pass receivers of Team A. b) Cover short forward passes and short kicks over the centre of the line. c) Check that Team A ineligible receivers on the line of scrimmage do not proceed downfield before a forward pass is thrown. (Exception 6.4.5.) d) Assist in coverage of crack-back blocking in the restricted area.
6,Rule 2 — Officials,Section 5: Back Umpire (BU),Article 1 – Responsibility,"The Back Umpire shall have primary jurisdiction over the actions of players of both teams behind the
Team B line, and shall take a position behind the deepest Team B player."
6,Rule 2 — Officials,Section 5: Back Umpire (BU),Article 2 – Duties,"The Back Umpire shall:
a) Cover long passes in the centre of the field and kicks downfield.
b) Rule field goal attempts from outside the 10 yard (metre) line successful or not."
7,Rule 2 — Officials,Section 6: Back Judge (BJ),,The duties of the Back Judge shall be identical with those of the Back Umpire.
8,Rule 2 — Officials,Section 7: Down Judge (DJ),Article 1 – Responsibility,"The Down Judge shall be responsible for the general supervision of the line of scrimmage, the neutral
zone, and the actions of the end and flankers on his/her side of the field. The Down Judge shall take up a
position on the line of scrimmage at a suitable distance in from the sideline on the same side of the field
as the distance chain and Downsbox.
The Down Judge shall be primarily responsible to cover crack-back blocking by players positioned on
their side of the field when the ball is snapped."
8,Rule 2 — Officials,Section 7: Down Judge (DJ),Article 2 – Passes and Kicks,"The Down Judge shall, when appropriate:
a) Cover passes down his/her side of the field.
b) Cover kicks down his/her side of the field."
8,Rule 2 — Officials,Section 7: Down Judge (DJ),Article 3 – Substitutes; 3- and 1-Minute Warning,"The Down Judge shall:
a) Systematically check his/her sideline for substitutes, and ensure legality of substitution procedures.
b) Notify the Referee when 3 minutes remain in each half, after being so notified by the timekeeper.
c) Notify the Referee when 1 minute remains in each period, after being so notified by the timekeeper."
8,Rule 2 — Officials,Section 7: Down Judge (DJ),Article 4 – Control of Minor Officials,"The Down Judge shall:
a) Supervise the Yardstick officials and the Dowbox official in the placement of the distance chain and
Downsbox, under the direction of the Referee.
b) Keep an accurate count of the downs to assist the Referee.
c) Be responsible for changing the position of the distance chain at the end of the 1st and 3rd periods
to the identical spot, at the opposite end of the field, corresponding to the point at which play
ended in that period.
d) When a measure is required by the Referee, mark on the chain the spot corresponding to the far
side of the cross stripe which is farthest from the ball within the span of the distance chain, and
have the Yardstick Official bring the distance chain to the Referee.
e) Check distance applied on penalties."
9,Rule 2 — Officials,Section 8: Line Judge (LJ),Article 1 – Responsibility,"The duties of the Line Judge shall be identical to those of the Down Judge covered in Section 7, Articles 1 to 3 inclusive, only."
10,Rule 2 — Officials,Section 9: Side Judge (SJ),Article 1 – Responsibility,"Positioned on or near the sideline approximately eighteen to twenty yards in advance of the line of
scrimmage. The Side Judge will work the same side of the field as the Down Judge."
11,Rule 2 — Officials,Section 10: Downbox and Yardstick Officials,Article 1 – Control,They shall act under the direction of the Down Judge. The Downsbox and distance chain shall be positioned out of bounds.
11,Rule 2 — Officials,Section 10: Downbox and Yardstick Officials,Article 2 – Downsbox Position,"The Downbox Official shall place the Downsbox at the point where the ball is to be scrimmaged, and indicate the number of each down on the Downsbox."
11,Rule 2 — Officials,Section 10: Downbox and Yardstick Officials,Article 3 – Distance Chain Position,The two Yardstick Officials shall place the distance chain as directed by the Down Judge.
11,Rule 2 — Officials,Section 10: Downbox and Yardstick Officials,Article 4 – 3rd Yardstick Official,"If a 3rd Yardstick Official is used to hold a single marker rod on the sideline opposite the 10 yard (10 metre) objective line, but this marker will not be used to determine whether a first down has been gained. Under the direction of the Referee, penalties may be recorded."
12,Rule 2 — Officials,Section 11: Timekeeper and Scorer,Article 1 – Scoresheet,"Prior to the game, the Scorer shall be provided with a complete list of the eligible competing players,
including names and correct numbers. The score shall be kept as given by one of the field officials, and
the scoresheet presented to the Referee after the game for signature."
12,Rule 2 — Officials,Section 11: Timekeeper and Scorer,Article 2 – Timekeeper’s Responsibility,"The Timekeeper, or Timekeepers, shall keep time according to Rule 1 Section 5, following the recognized
signals by the officials. If 2 timekeepers are appointed, they shall use one timing device placed between
them and operated solely by one of them. In the event of disagreement, the Referee shall be called
immediately to settle any dispute or make any necessary adjustment."
12,Rule 2 — Officials,Section 11: Timekeeper and Scorer,Article 3 – 3-Minute Warning,"The Timekeeper shall notify the Down Judge or the Line Judge when 3 minutes remain in the 2nd and
4th periods, and when 1 minute remains in each period."
12,Rule 2 — Officials,Section 11: Timekeeper and Scorer,Article 4 – Last Minute Procedure,"Just prior to and during the last minute of play in each period, the Timekeeper shall take a position
on the sideline clearly visible to the officials. At the commencement of the last minute of play, the
Timekeeper will raise the flag, and continue to keep it raised until the Timekeeper’s watch registers full
time for the period. The flag should then immediately be lowered, so that it is no longer visible to the
officials.
If the ball becomes dead on any play, and the flag is still raised, the ball will again be put into play. If
the flag has been lowered since the last time the ball was put into play, the period will be over, and so
declared by the Referee, subject to fouls committed during the last play.
The Canadian Amateur Rule Book
for Tackle Football
Rule 3 Section 1                                                                                                    Scoring"
14,Rule 3 — Scoring,Section 1: Table of Scores,,"Touchdown      6 Points      Rouge       1 Point
Field Goal     3 Points      Convert     1 or 2 Points
Safety Touch   2 Points
The team scoring the majority of the points shall be the winner."
15,Rule 3 — Scoring,Section 2: Definitions,Article 1 – Touchdown,"A touchdown is scored when the ball is in the opponent’s end zone in possession of a player, or when the ball in the possession of a player crosses or touches the goal line, or the plane of the goal line, even in the air. Should the ball subsequently be fumbled, or the player in possession forced back into the field of play, the touchdown shall score. A touchdown is scored when a forward pass is legally completed in the opponent’s end zone. After a touchdown, the team scored against may elect to have the play put into play as follows: a) By kicking off from its own 45 yard (40 metre) line or b) Requiring the scoring team to kick off from its 45 yard (40 metre) line"
15,Rule 3 — Scoring,Section 2: Definitions,Article 2 – Field Goal,"A field goal is scored by a drop or place kick (except on a kick off ) when the ball, after being kicked, and without again touching the ground, goes over the crossbar, and between the goal posts (or goal posts produced) of the opponent’s goal, regardless of whether it touches the goal post assembly. If, after being kicked, the ball touches, or is touched by any player before it crosses the line of scrimmage; or touches or is touched by a B player after it crosses the line of scrimmage; and the ball continues forward in the air over the cross bar between the goal posts, the field goal shall score. The ball shall be dead immediately after it crosses the bar. After a field goal, the team scored against may elect to have the ball put into play as follows: a) By scrimmaging the ball at its own 35 yard (30 Metre) line or b) By kicking off from its own 35 yard (30 metre) line or c) Requiring the scoring team to kick off from its 45 yard (40 metre) line."
15,Rule 3 — Scoring,Section 2: Definitions,Article 3 – Safety Touch,"A safety touch is scored when the ball becomes dead in possession of a team in its own end zone, or goes out of bounds in the end zone, as a result of the ball having been carried, kicked, fumbled or otherwise directed from the field of play into the end zone by the team scored against, or as a DIRECT result of a kick being blocked in the field of play. If a player intercepts a forward pass in the field of play while moving toward the player’s goal line, and in the judgment of the official, the momentum carries the player into the player’s end zone, possession is deemed to have been gained in the end zone. If a player carries the ball out of the player’s end zone and is contacted by an opponent so that the force of the opponent’s contact drives the player back into the end zone, the player shall not be deemed to have carried the ball back into the player’s own end zone. After a safety touch, the scoring team will scrimmage the ball from its own 35-yard (30 metre) line. If, in the judgment of the official, a team deliberately commits a Holding infraction while in the act of conceding a Safety Touch, the score shall count and the penalty shall be applied at the point where the ball is next put into play, or option. Where multiple fouls occur on a safety touch, and in the opinion of the officials this tactic is being employed to run out the clock. The clock will be reset back to the start time of the play in addition to awarding a score and applying a penalty."
15,Rule 3 — Scoring,Section 2: Definitions,Article 4 – Rouge or Single Point,"A rouge is scored when the ball becomes dead in possession of a team in its own end zone, or goes out of bounds in its end zone, as a result of the ball having been kicked into the end zone by an opponent. If a player catches a kicked ball in the field of play while moving toward their goal line, and in the judgment of the official, this momentum carries them into their team’s end zone, possession is deemed to have been gained in the end zone. For rulings on: a) Ball fumbled into end zone – Rule 1, Section 10, Article 6; and Rule 6, Section 3, Article 6. b) Ball thrown into end zone – Rule 6, Section 3, Article 8. c) Intercepted pass in end zone – Rule 6, Section 4, Article 11. On a kick off – in order for the kicking team to score a rouge on a kick off, the ball must touch the ground, a player, or an official, in bounds, after the ball has been kicked. If the ball is kicked directly out of bounds, in flight in the end zone, no point will be awarded, and the ball will be scrimmaged by the receiving team – 1D at their own 20 yard (20 metre) line, at any point on or between the hash marks. A rouge is awarded because of a foul as specified in Rule 8 Section 4 Article 1, provided that the ball has been kicked into the end zone. After a rouge, the team scored against shall scrimmage as first down at any point between the hash marks on their own 35 yard (30 metre) line. If the rouge was scored as a result of an unsuccessful field goal attempt, the team scored against may choose to scrimmage at any point on or between the hash marks on their own 35 yard (30 metre) line, or at any point on or between the hash marks at the previous line of scrimmage."
16,Rule 3 — Scoring,Section 2: Definitions,Article 5 – Convert,"A team scoring a touchdown may attempt to add to its score by one scrimmage play at any point on
or between the hash marks or play from any point on or outside the opponent’s 5 yard (5 metre) line,
within the hash marks, as follows:
a) 1 point – by kicking a field goal. If the kick is unsuccessful, the ball is dead immediately.
b) 2 points – by scoring a touchdown. A punt or onside kick is prohibited. If B gains possession, the
ball is dead immediately.
Normal distance penalties may be applied on convert attempts, subject to the normal distance
restrictions near the goal line. In addition, any penalty on a convert, except a time count penalty, may be
applied on the subsequent kick off, at the option of the non-offending team. No convert attempt shall
be made from within the 1 yard (1 metre) line.
Penalty:
1) Infraction by Team B.
a) Illegal interference – Forward pass – Team A shall repeat the convert attempt at the Team B 1
yard (1 metre) line, or 15 yards in advance of the PLS whichever is closer to Team A goal line, or
repeat the convert at the PLS and apply the penalty (L15) on the kick off. (Refer to 6-4-10-3)
b) All other infractions – Team A option
Successful attempt
– accept score successful, apply penalty on kick off.
– decline score, apply penalty at PLS. Repeat convert.
c) Unsuccessful attempt
– apply penalty at PLS. Repeat convert
– repeat convert at PLS. Apply penalty on the kick off
2) Infraction by Team A
a) If the normal penalty is a loss of down, or loss of ball (Illegal interference affecting the recovery
of a loose ball)
– loss of convert attempt.
b) Time Count – L5, convert repeated
c) All other infractions – Team B option
Successful attempt
– disallow score. Apply penalty PLS. Allow Team A to repeat convert.
– disallow score. Repeat convert at PLS. Apply penalty on the kick off.
– allow score. Apply penalty on the kick off.
d) Unsuccessful attempt – apply penalty on the kick off.
3) Dual Penalty – adjust penalties at the PLS and repeat the convert."
